--
-- PostgreSQL database dump
--

-- Dumped from database version 10.5
-- Dumped by pg_dump version 10.5

SET statement_timeout = 0;
SET lock_timeout = 0;
SET idle_in_transaction_session_timeout = 0;
SET client_encoding = 'UTF8';
SET standard_conforming_strings = on;
SELECT pg_catalog.set_config('search_path', '', false);
SET check_function_bodies = false;
SET client_min_messages = warning;
SET row_security = off;

--
-- Name: plpgsql; Type: EXTENSION; Schema: -; Owner: 
--

CREATE EXTENSION IF NOT EXISTS plpgsql WITH SCHEMA pg_catalog;


--
-- Name: EXTENSION plpgsql; Type: COMMENT; Schema: -; Owner: 
--

COMMENT ON EXTENSION plpgsql IS 'PL/pgSQL procedural language';


SET default_tablespace = '';

SET default_with_oids = false;

--
-- Name: jobs; Type: TABLE; Schema: public; Owner: postgres
--

CREATE TABLE public.jobs (
    job_id integer NOT NULL,
    job_title text NOT NULL,
    category text NOT NULL,
    status text NOT NULL
);


ALTER TABLE public.jobs OWNER TO postgres;

--
-- Name: jobs_job_id_seq; Type: SEQUENCE; Schema: public; Owner: postgres
--

ALTER TABLE public.jobs ALTER COLUMN job_id ADD GENERATED BY DEFAULT AS IDENTITY (
    SEQUENCE NAME public.jobs_job_id_seq
    START WITH 1
    INCREMENT BY 1
    NO MINVALUE
    NO MAXVALUE
    CACHE 1
);


--
-- Name: jobs_locations; Type: TABLE; Schema: public; Owner: postgres
--

CREATE TABLE public.jobs_locations (
    job_id integer NOT NULL,
    location_id integer NOT NULL
);


ALTER TABLE public.jobs_locations OWNER TO postgres;

--
-- Name: locations; Type: TABLE; Schema: public; Owner: postgres
--

CREATE TABLE public.locations (
    location_id integer NOT NULL,
    location text NOT NULL
);


ALTER TABLE public.locations OWNER TO postgres;

--
-- Name: locations_location_id_seq; Type: SEQUENCE; Schema: public; Owner: postgres
--

ALTER TABLE public.locations ALTER COLUMN location_id ADD GENERATED BY DEFAULT AS IDENTITY (
    SEQUENCE NAME public.locations_location_id_seq
    START WITH 1
    INCREMENT BY 1
    NO MINVALUE
    NO MAXVALUE
    CACHE 1
);


--
-- Data for Name: jobs; Type: TABLE DATA; Schema: public; Owner: postgres
--

COPY public.jobs (job_id, job_title, category, status) FROM stdin;
1	Executive Assistant	Camera Platform	Regular
2	Executive Assistant	Legal	Regular
3	Executive Assistant	Finance & Accounting	Regular
4	Travel Services Administrator	Finance & Accounting	Regular
5	Workplace Services Administrator	Operations	Regular
6	Brand Manager, Lens Studio	Sales & Marketing	Regular
7	SMB Education & Outreach Manager	Customer Operations	Regular
8	Content Production Specialist	Bitmoji	Regular
9	Senior Manager, Content Strategy & Insights	Content	Regular
10	Senior Manager, Programming	Content	Regular
11	Data Analyst, Key Accounts	Revenue Product & Programs	Regular
12	Data Scientist	Camera Platform	Regular
13	FEA Engineer	Spectacles	Regular
14	Graphic Designer, Zenly	Zenly	Regular
15	Product Designer	Design	Regular
16	Product Designer	Design	Regular
17	Product Designer	Spectacles	Regular
18	Senior Manager, Visual Design	Design	Regular
19	UI Designer	Camera Platform	Regular
20	Application Security Engineer	Engineering	Regular
21	Applied Research Engineer	Camera Platform	Regular
22	Client Success Engineer, Placed	Placed	Fixed-term
23	Data Scientist, Engineering	Engineering	Regular
24	Data Scientist, Experimentation Platform	Engineering	Regular
25	Data Scientist, Monetization and Measurement	Engineering	Regular
26	Engineering Manager	Engineering	Regular
27	Engineering Manager, Bitmoji	Engineering	Regular
28	Engineering Program Manager, Hardware	Spectacles	Regular
29	Interactive Engineer	Camera Platform	Regular
30	Machine Learning Engineer, Ads Ranking	Engineering	Regular
31	Manager, Spam & Abuse	Engineering	Regular
32	Manager, SRE	Engineering	Regular
33	Partner Engineer	Engineering	Regular
34	Privacy Engineer	Engineering	Regular
35	Production Engineer, Infrastructure, Zenly	Zenly	Regular
36	Quality Assurance Engineer	Engineering	Regular
37	Quality Assurance Engineer	Spectacles	Regular
38	Security Engineer, Data Privacy	Engineering	Regular
39	Security Engineer, Detection & Response	Engineering	Regular
40	Security Engineer, Infrastructure Security - Corporate	Engineering	Regular
41	Security Engineer, Infrastructure Security - Production	Engineering	Regular
42	Senior Electrical Engineer	Spectacles	Regular
43	Senior Manager, Software Engineering, Experimentation Platform	Engineering	Regular
44	Senior Mechanical Engineer	Spectacles	Regular
45	Senior Software Engineer, Data, Placed	Placed	Regular
46	Senior Software Engineer, Web, Placed	Placed	Regular
47	Site Reliability Engineer	Engineering	Regular
48	Software Development Engineer, Web, Placed	Placed	Regular
49	Software Engineer	Engineering	Regular
50	Software Engineer, Android	Spectacles	Regular
51	Software Engineer, Android	Engineering	Regular
52	Software Engineer, Android	Engineering	Regular
53	Software Engineer, Android	Engineering	Regular
54	Software Engineer, AR	Camera Platform	Regular
55	Software Engineer, Automation	Spectacles	Regular
56	Software Engineer, Backend	Engineering	Regular
57	Software Engineer, Backend	Camera Platform	Regular
58	Software Engineer, C++	Camera Platform	Regular
59	Software Engineer, C++	Engineering	Regular
60	Software Engineer, C++	Camera Platform	Regular
61	Software Engineer, Computer Vision	Camera Platform	Regular
62	Software Engineer, Data, Placed	Placed	Regular
63	Software Engineer, Firmware	Spectacles	Regular
64	Software Engineer, Front End	Engineering	Regular
65	Software Engineer, Full Stack	Engineering	Regular
66	Software Engineer in Test Automation, Bitmoji	Engineering	Regular
67	Software Engineer iOS	Engineering	Regular
68	Software Engineer, iOS	Engineering	Regular
69	Software Engineer, iOS	Engineering	Regular
70	Software Engineer, iOS	Spectacles	Regular
71	Software Engineer, iOS, Zenly	Zenly	Regular
72	Software Engineer, Machine Learning	Camera Platform	Regular
73	Software Engineer, Machine Learning	Engineering	Regular
74	Software Engineer, Machine Learning	Camera Platform	Regular
75	Software Engineer, Operations	Customer Operations	Regular
76	Software Engineer, Studio	Camera Platform	Regular
77	Software Engineer, Tools & Infrastructure	Camera Platform	Regular
78	Technical Lead	Engineering	Regular
79	Technical Lead	Engineering	Regular
80	Technical Program Manager, Developer Tools	Engineering	Regular
81	Technical Program Manager, Vulnerability Management	Engineering	Regular
82	Tooling Engineer	Spectacles	Regular
83	Financial Analyst	Finance & Accounting	Regular
84	Financial Operations Analyst	Finance & Accounting	Regular
85	Manager, Tax Planning	Finance & Accounting	Regular
86	Senior Financial Analyst	Finance & Accounting	Regular
87	Staff Accountant	Finance & Accounting	Regular
88	Research & Insights Manager	Growth	Regular
89	Compensation Partner	Human Resources	Regular
90	Council Facilitator (Part-Time)	Human Resources	Regular
91	Council Facilitator (Part-Time)	Human Resources	Regular
92	Diversity & Inclusion Initiatives Program Manager	Human Resources	Regular
93	Inclusion Coordinator	Human Resources	Regular
94	Manager, People Analytics	Human Resources	Regular
95	Manager, People Operations	Human Resources	Regular
96	Senior HR Team Advisor	Human Resources	Regular
97	Senior HR Team Advisor	Human Resources	Regular
98	IT Asset Manager	Engineering	Regular
99	Network Engineer	Engineering	Regular
100	Senior Manager, Enterprise Applications	Engineering	Regular
101	Systems Engineer	Engineering	Regular
102	Commercial Counsel	Legal	Regular
103	Senior Counsel	Legal	Regular
104	Manager, Measurement Partnerships	Revenue Product & Programs	Regular
105	Measurement Analyst	Revenue Product & Programs	Regular
106	Technical Program Manager, Customer Ops	Customer Operations	Regular
107	Partnerships Specialist, Analytics	Partnerships	Regular
108	Product Manager	Growth	Regular
109	Product Manager	Camera Platform	Regular
110	Product Manager, Placed	Placed	Regular
111	Product Manager, Revenue	Revenue Product & Programs	Regular
112	Research Engineer	Research	Regular
113	Research Engineer	Camera Platform	Regular
114	Research Engineer, Machine Learning	Camera Platform	Regular
115	Research, New Ph.D. Grad/Post Doctorate	Research	Regular
116	Research Scientist	Research	Regular
117	Instructional Designer	Revenue Operations	Regular
118	Senior Market Research Analyst	Revenue Product & Programs	Regular
119	Account Executive	Sales & Marketing	Regular
120	Account Executive (Fixed-Term)	Sales & Marketing	Fixed-term
121	Account Manager	Sales & Marketing	Regular
122	Account Manager	Sales & Marketing	Regular
123	Account Manager	Sales & Marketing	Regular
124	Account Manager (Fixed-Term)	Sales & Marketing	Fixed-term
125	Business Strategist, Global Online Sales	Sales & Marketing	Regular
126	Business Strategist, Global Online Sales	Sales & Marketing	Regular
127	Events Lead	Sales & Marketing	Regular
128	Manager, Global Online Sales	Sales & Marketing	Regular
129	Manager, Strategic Initiatives, Placed	Placed	Regular
130	Pod Lead, Global Online Sales	Sales & Marketing	Regular
131	Program Manager	Sales & Marketing	Regular
132	Sales Director, Placed	Placed	Regular
133	Sales Director, Placed	Placed	Regular
134	Sales Director, Placed	Placed	Regular
135	Senior Account Executive	Sales & Marketing	Regular
136	Senior Account Manager	Sales & Marketing	Regular
137	Security Officer	Security	Regular
138	Security Officer	Security	Regular
139	Senior Regional Security Manager, Southern California	Security	Regular
140	Senior Manager, Strategy	Strategy	Regular
141	Senior Technical Recruiter	Talent Acquisition	Regular
142	Senior Technical Recruiter	Talent Acquisition	Regular
143	Senior Technical Recruiter	Talent Acquisition	Regular
\.


--
-- Data for Name: jobs_locations; Type: TABLE DATA; Schema: public; Owner: postgres
--

COPY public.jobs_locations (job_id, location_id) FROM stdin;
1	3
2	3
3	3
4	3
5	5
6	3
7	3
8	3
9	3
10	3
11	3
12	3
13	3
14	6
15	3
16	5
17	3
18	3
19	3
20	3
20	4
20	9
21	1
22	9
23	3
23	4
23	8
24	4
25	3
26	3
26	4
26	9
27	12
28	3
29	3
30	3
30	4
31	3
32	9
33	3
34	3
35	6
36	3
37	3
38	3
39	3
39	4
39	9
40	3
40	4
40	9
41	3
41	4
41	9
42	3
43	4
44	3
45	9
46	9
47	9
48	9
49	2
50	3
51	10
52	3
52	4
52	5
52	8
52	9
53	12
54	3
55	3
56	3
56	4
56	5
56	8
56	9
57	3
58	3
59	11
60	2
61	2
62	9
63	3
64	3
64	4
64	9
65	12
66	12
67	11
68	10
69	3
69	4
69	5
69	8
69	9
70	3
71	6
72	3
73	3
73	4
74	1
75	3
76	3
77	3
78	10
79	3
79	4
79	5
79	8
79	9
80	3
81	3
82	3
83	3
84	3
85	3
86	3
87	3
88	3
89	3
90	11
91	12
92	3
93	3
94	3
95	3
96	3
97	10
98	3
99	3
100	3
101	3
102	3
103	3
104	3
104	5
105	3
106	3
107	3
108	3
109	3
110	9
111	3
112	3
112	5
112	8
112	9
113	2
114	3
115	3
116	3
116	5
116	8
116	9
117	5
118	3
119	8
120	2
121	12
122	3
123	2
124	2
125	2
126	3
127	3
128	3
129	5
129	9
130	2
131	2
132	8
133	5
133	7
134	3
135	11
136	11
137	3
138	3
139	3
140	3
141	3
142	4
143	9
\.


--
-- Data for Name: locations; Type: TABLE DATA; Schema: public; Owner: postgres
--

COPY public.locations (location_id, location) FROM stdin;
1	Israel
2	London
3	Los Angeles
4	Mountain View
5	New York
6	Paris
7	Remote
8	San Francisco
9	Seattle
10	Shenzhen
11	Sydney
12	Toronto
\.


--
-- Name: jobs_job_id_seq; Type: SEQUENCE SET; Schema: public; Owner: postgres
--

SELECT pg_catalog.setval('public.jobs_job_id_seq', 143, true);


--
-- Name: locations_location_id_seq; Type: SEQUENCE SET; Schema: public; Owner: postgres
--

SELECT pg_catalog.setval('public.locations_location_id_seq', 12, true);


--
-- Name: jobs_locations jobs_locations_pkey; Type: CONSTRAINT; Schema: public; Owner: postgres
--

ALTER TABLE ONLY public.jobs_locations
    ADD CONSTRAINT jobs_locations_pkey PRIMARY KEY (job_id, location_id);


--
-- Name: jobs jobs_pkey; Type: CONSTRAINT; Schema: public; Owner: postgres
--

ALTER TABLE ONLY public.jobs
    ADD CONSTRAINT jobs_pkey PRIMARY KEY (job_id);


--
-- Name: locations locations_pkey; Type: CONSTRAINT; Schema: public; Owner: postgres
--

ALTER TABLE ONLY public.locations
    ADD CONSTRAINT locations_pkey PRIMARY KEY (location_id);


--
-- Name: jobs_locations jobs_locations_job_id_fkey; Type: FK CONSTRAINT; Schema: public; Owner: postgres
--

ALTER TABLE ONLY public.jobs_locations
    ADD CONSTRAINT jobs_locations_job_id_fkey FOREIGN KEY (job_id) REFERENCES public.jobs(job_id) ON UPDATE CASCADE ON DELETE CASCADE;


--
-- Name: jobs_locations jobs_locations_location_id_fkey; Type: FK CONSTRAINT; Schema: public; Owner: postgres
--

ALTER TABLE ONLY public.jobs_locations
    ADD CONSTRAINT jobs_locations_location_id_fkey FOREIGN KEY (location_id) REFERENCES public.locations(location_id) ON UPDATE CASCADE ON DELETE CASCADE;


--
-- PostgreSQL database dump complete
--

